2016/09/10 08:30:54,UNSTABLE,ubuntu-5,,822,23100207,ActiveMQ-Java8
2016/09/09 19:59:52,UNSTABLE,H11,,821,30613560,ActiveMQ-Java8
2016/09/09 02:00:11,UNSTABLE,ubuntu-5,,820,22729649,ActiveMQ-Java8
2016/09/08 14:58:27,UNSTABLE,ubuntu-1,,819,13082034,ActiveMQ-Java8
2016/09/07 14:27:53,UNSTABLE,jenkins-test-288,,816,13927597,ActiveMQ-Java8
2016/09/07 14:02:17,ABORTED,ubuntu-us1,,815,1530534,ActiveMQ-Java8
2016/09/06 20:43:30,UNSTABLE,jenkins-test-890,,814,16849516,ActiveMQ-Java8
2016/09/10 21:46:22,SUCCESS,H4,,14,6122701,Ambari-branch-2.5
2016/09/10 19:31:08,SUCCESS,H4,,13,6298497,Ambari-branch-2.5
2016/09/10 00:15:46,FAILURE,H7,,12,6517304,Ambari-branch-2.5
2016/09/09 22:27:56,SUCCESS,H7,,11,6459072,Ambari-branch-2.5
2016/09/09 20:46:11,FAILURE,H7,,10,6104711,Ambari-branch-2.5
2016/09/09 16:16:09,SUCCESS,H4,,9,6208057,Ambari-branch-2.5
2016/09/09 00:31:11,SUCCESS,H4,,8,6161785,Ambari-branch-2.5
2016/09/08 19:31:09,SUCCESS,H4,,7,6206205,Ambari-branch-2.5
2016/09/08 14:31:11,SUCCESS,H4,,6,6241858,Ambari-branch-2.5
2016/09/08 00:04:39,SUCCESS,H4,,5,6229724,Ambari-branch-2.5
2016/09/07 22:16:11,FAILURE,H7,,4,6508187,Ambari-branch-2.5
2016/09/07 19:01:11,FAILURE,H4,,3,5997051,Ambari-branch-2.5
2016/09/07 08:46:10,SUCCESS,H4,,2,6180267,Ambari-branch-2.5
2016/09/07 02:16:06,SUCCESS,H4,,1,6208402,Ambari-branch-2.5
2016/09/11 08:35:35,UNSTABLE,ubuntu-2,,470,4218932,flink-github-ci
2016/09/11 07:28:25,UNSTABLE,H11,,469,4027203,flink-github-ci
2016/09/11 02:11:02,UNSTABLE,ubuntu-2,,468,4470356,flink-github-ci
2016/09/11 00:55:10,UNSTABLE,ubuntu-2,,467,4550885,flink-github-ci
2016/09/10 22:11:34,UNSTABLE,ubuntu-2,,466,4518863,flink-github-ci
2016/09/10 09:13:19,ABORTED,jenkins-test-2bc,,465,2076494,flink-github-ci
2016/09/10 08:40:22,ABORTED,jenkins-test-5a,,464,1710492,flink-github-ci
2016/09/10 08:13:36,ABORTED,jenkins-test-5a,,463,1605254,flink-github-ci
2016/09/10 07:44:42,ABORTED,jenkins-test-5a,,462,1732878,flink-github-ci
2016/09/10 06:30:32,UNSTABLE,ubuntu-2,,461,4009930,flink-github-ci
2016/09/10 05:21:25,UNSTABLE,ubuntu-2,,460,4145719,flink-github-ci
2016/09/10 04:07:11,UNSTABLE,ubuntu-2,,459,4452690,flink-github-ci
2016/09/09 21:08:24,FAILURE,ubuntu-us1,,458,4033016,flink-github-ci
2016/09/09 20:08:18,FAILURE,ubuntu-4,,457,13406,flink-github-ci
2016/09/09 19:55:51,FAILURE,jenkins-test-563,,456,501797,flink-github-ci
2016/09/09 19:48:33,FAILURE,H11,,455,437139,flink-github-ci
2016/09/09 19:39:53,FAILURE,H11,,454,519654,flink-github-ci
2016/09/09 19:05:21,FAILURE,jenkins-test-d76,,453,496822,flink-github-ci
2016/09/09 18:40:24,FAILURE,jenkins-test-375,,452,411750,flink-github-ci
2016/09/09 18:11:54,ABORTED,jenkins-test-375,,451,1709164,flink-github-ci
2016/09/09 17:42:55,ABORTED,jenkins-test-375,,450,1738690,flink-github-ci
2016/09/09 17:10:16,ABORTED,jenkins-test-375,,449,1957966,flink-github-ci
2016/09/09 15:55:45,FAILURE,H11,,448,10924,flink-github-ci
2016/09/09 15:43:13,FAILURE,ubuntu-4,,447,14343,flink-github-ci
2016/09/09 14:32:27,UNSTABLE,H11,,446,3583138,flink-github-ci
2016/09/09 13:43:43,FAILURE,ubuntu-2,,445,7032,flink-github-ci
2016/09/09 13:41:41,FAILURE,ubuntu-2,,444,121689,flink-github-ci
2016/09/09 12:27:30,UNSTABLE,ubuntu-2,,443,4448006,flink-github-ci
2016/09/09 12:17:21,FAILURE,ubuntu-us1,,442,305257,flink-github-ci
2016/09/09 11:45:09,FAILURE,H10,,441,30941,flink-github-ci
2016/09/09 11:03:51,FAILURE,jenkins-test-5a5,,440,204812,flink-github-ci
2016/09/09 10:09:07,SUCCESS,ubuntu-5,,439,3277363,flink-github-ci
2016/09/09 09:09:28,UNSTABLE,ubuntu-5,,438,3389860,flink-github-ci
2016/09/09 07:58:10,UNSTABLE,ubuntu-6,,437,4275941,flink-github-ci
2016/09/09 07:27:47,ABORTED,jenkins-test-67c,,436,1727002,flink-github-ci
2016/09/09 06:56:14,ABORTED,jenkins-test-67c,,435,1892550,flink-github-ci
2016/09/09 04:44:19,UNSTABLE,ubuntu-2,,434,4414167,flink-github-ci
2016/09/09 03:28:23,UNSTABLE,ubuntu-2,,433,4552074,flink-github-ci
2016/09/08 23:57:41,FAILURE,jenkins-test-9a7,,432,1908717,flink-github-ci
2016/09/08 23:44:53,FAILURE,jenkins-test-9a7,,431,589385,flink-github-ci
2016/09/08 23:37:43,FAILURE,jenkins-test-ee2,,430,64644,flink-github-ci
2016/09/08 18:29:56,ABORTED,jenkins-test-85d,,429,1839542,flink-github-ci
2016/09/08 17:19:06,UNSTABLE,ubuntu-us1,,428,4174474,flink-github-ci
2016/09/08 17:18:53,FAILURE,ubuntu-us1,,427,11424,flink-github-ci
2016/09/08 16:09:17,SUCCESS,ubuntu-us1,,426,4171789,flink-github-ci
2016/09/08 14:59:11,SUCCESS,ubuntu-5,,425,4201193,flink-github-ci
2016/09/08 14:39:03,FAILURE,ubuntu-2,,424,1144862,flink-github-ci
2016/09/08 14:38:45,FAILURE,ubuntu-2,,423,16932,flink-github-ci
2016/09/08 13:33:26,UNSTABLE,ubuntu-2,,422,3917875,flink-github-ci
2016/09/08 12:27:45,UNSTABLE,ubuntu-2,,421,3940265,flink-github-ci
2016/09/08 11:56:31,ABORTED,jenkins-test-49b,,420,1872914,flink-github-ci
2016/09/08 10:42:54,UNSTABLE,ubuntu-2,,419,4368503,flink-github-ci
2016/09/08 06:23:17,UNSTABLE,ubuntu-6,,418,4358716,flink-github-ci
2016/09/08 05:26:14,FAILURE,ubuntu-2,,417,211426,flink-github-ci
2016/09/08 04:49:10,FAILURE,ubuntu-1,,416,153343,flink-github-ci
2016/09/07 23:13:16,UNSTABLE,ubuntu-4,,415,5531041,flink-github-ci
2016/09/07 15:51:16,SUCCESS,H11,,414,3906896,flink-github-ci
2016/09/07 14:37:52,SUCCESS,ubuntu-us1,,413,4294161,flink-github-ci
2016/09/07 13:26:28,SUCCESS,H11,,412,4276481,flink-github-ci
2016/09/07 11:59:15,FAILURE,H11,,411,5201,flink-github-ci
2016/09/07 11:46:04,FAILURE,H11,,410,18893,flink-github-ci
2016/09/07 08:27:14,FAILURE,ubuntu-5,,409,20720,flink-github-ci
2016/09/07 05:27:10,FAILURE,H11,,408,2954,flink-github-ci
2016/09/07 05:25:56,FAILURE,H11,,407,22413,flink-github-ci
2016/09/06 23:54:54,FAILURE,ubuntu-2,,406,0,flink-github-ci
2016/09/06 14:49:07,FAILURE,jenkins-test-9b9,,405,1960048,flink-github-ci
2016/09/06 14:47:21,FAILURE,jenkins-test-9b9,,404,100326,flink-github-ci
2016/09/06 12:51:56,UNSTABLE,ubuntu-5,,403,6919848,flink-github-ci
2016/09/06 11:33:07,ABORTED,jenkins-test-3c8,,402,4014786,flink-github-ci
2016/09/06 10:35:06,ABORTED,jenkins-test-3c8,,401,3476613,flink-github-ci
2016/09/06 08:55:20,ABORTED,jenkins-test-3c8,,400,3708969,flink-github-ci
2016/09/06 07:53:56,ABORTED,jenkins-test-3c8,,399,3679661,flink-github-ci
2016/09/06 06:26:20,FAILURE,ubuntu-1,,398,5246391,flink-github-ci
2016/09/06 04:27:05,FAILURE,H11,,397,5981764,flink-github-ci
2016/09/05 19:40:29,FAILURE,jenkins-test-287,,396,47609,flink-github-ci
2016/09/05 19:36:51,FAILURE,ubuntu-5,,395,34718,flink-github-ci
2016/09/05 19:29:21,FAILURE,jenkins-test-414,,394,129886,flink-github-ci
2016/09/05 18:15:01,ABORTED,jenkins-test-efd,,393,3555913,flink-github-ci
2016/09/05 18:01:42,FAILURE,ubuntu-6,,392,43939,flink-github-ci
2016/09/05 14:23:23,ABORTED,ubuntu-2,,391,12304693,flink-github-ci
2016/09/05 12:19:37,UNSTABLE,ubuntu-5,,390,6535528,flink-github-ci
2016/09/05 10:07:26,SUCCESS,H10,,389,6590227,flink-github-ci
2016/09/05 04:14:57,UNSTABLE,ubuntu-2,,388,7692552,flink-github-ci
2016/09/05 03:04:22,FAILURE,ubuntu-2,,387,40816,flink-github-ci
2016/09/05 00:31:03,UNSTABLE,ubuntu-2,,386,7576573,flink-github-ci
2016/09/04 22:39:31,FAILURE,ubuntu-2,,385,6658379,flink-github-ci
2016/09/04 12:13:24,UNSTABLE,H10,,384,6698136,flink-github-ci
2016/09/04 09:46:57,FAILURE,ubuntu-2,,383,68081,flink-github-ci
2016/09/03 23:15:21,SUCCESS,H11,,382,6550744,flink-github-ci
2016/09/03 20:55:51,UNSTABLE,ubuntu-2,,381,7245975,flink-github-ci
2016/09/03 15:42:20,UNSTABLE,ubuntu-2,,380,7192630,flink-github-ci
2016/09/03 09:28:37,UNSTABLE,H10,,379,5300098,flink-github-ci
2016/09/03 05:14:51,ABORTED,jenkins-test-951,,378,3545372,flink-github-ci
2016/09/03 04:11:36,ABORTED,jenkins-test-a11,,377,3791292,flink-github-ci
2016/09/03 02:24:19,UNSTABLE,ubuntu-2,,376,6065785,flink-github-ci
2016/09/03 01:56:11,FAILURE,ubuntu-2,,375,1680199,flink-github-ci
2016/09/03 01:55:46,FAILURE,ubuntu-5,,374,21994,flink-github-ci
2016/09/03 00:12:46,UNSTABLE,ubuntu-2,,373,6177130,flink-github-ci
2016/09/02 23:50:20,FAILURE,H10,,372,1340532,flink-github-ci
2016/09/02 22:46:09,FAILURE,H10,,371,3836564,flink-github-ci
2016/09/02 20:34:21,UNSTABLE,ubuntu-4,,370,7904707,flink-github-ci
2016/09/02 20:33:49,FAILURE,ubuntu-4,,369,29652,flink-github-ci
2016/09/02 20:12:55,FAILURE,ubuntu-4,,368,1247708,flink-github-ci
2016/09/02 18:23:01,UNSTABLE,ubuntu-2,,367,6365096,flink-github-ci
2016/09/02 16:27:35,FAILURE,ubuntu-4,,366,6893198,flink-github-ci
2016/09/02 16:11:47,FAILURE,ubuntu-4,,365,714363,flink-github-ci
2016/09/02 16:10:50,FAILURE,ubuntu-4,,364,55859,flink-github-ci
2016/09/02 13:56:44,FAILURE,ubuntu-4,,363,7647303,flink-github-ci
2016/09/02 11:08:11,FAILURE,jenkins-test-44d,,362,50177,flink-github-ci
2016/09/02 08:52:01,SUCCESS,ubuntu-us1,,361,4849224,flink-github-ci
2016/09/02 05:21:07,FAILURE,ubuntu-5,,360,22778,flink-github-ci
2016/09/02 04:45:24,ABORTED,jenkins-test-c67,,359,1860871,flink-github-ci
2016/09/02 01:23:49,ABORTED,ubuntu-2,,358,12081649,flink-github-ci
2016/09/02 00:54:35,ABORTED,jenkins-test-f50,,357,1752949,flink-github-ci
2016/09/02 00:54:28,FAILURE,jenkins-test-f50,,356,7067,flink-github-ci
2016/09/02 00:35:23,FAILURE,jenkins-test-f50,,355,1143275,flink-github-ci
2016/09/02 00:16:22,FAILURE,ubuntu-us1,,354,1140781,flink-github-ci
2016/09/01 23:04:46,SUCCESS,ubuntu-us1,,353,4267094,flink-github-ci
2016/09/01 21:51:08,SUCCESS,ubuntu-us1,,352,4405828,flink-github-ci
2016/09/01 21:36:24,FAILURE,jenkins-test-a84,,351,44351,flink-github-ci
2016/09/01 20:23:58,ABORTED,jenkins-test-f50,,350,1998182,flink-github-ci
2016/09/01 16:38:48,ABORTED,ubuntu-2,,349,12072576,flink-github-ci
2016/09/01 16:38:41,FAILURE,ubuntu-2,,348,6617,flink-github-ci
2016/09/01 16:38:36,FAILURE,ubuntu-2,,347,4176,flink-github-ci
2016/09/01 16:38:20,FAILURE,ubuntu-2,,346,15278,flink-github-ci
2016/09/01 15:22:23,FAILURE,ubuntu-2,,345,4556772,flink-github-ci
2016/09/01 14:04:15,FAILURE,ubuntu-2,,344,4671985,flink-github-ci
2016/09/01 12:53:44,FAILURE,ubuntu-2,,343,4229649,flink-github-ci
2016/09/01 11:09:50,FAILURE,ubuntu-4,,342,6230206,flink-github-ci
2016/09/01 07:16:02,ABORTED,ubuntu-2,,341,12104220,flink-github-ci
2016/09/01 06:46:12,ABORTED,jenkins-test-8ce,,340,1789007,flink-github-ci
2016/09/01 04:29:57,SUCCESS,ubuntu-us1,,339,4615016,flink-github-ci
2016/09/01 04:29:51,FAILURE,ubuntu-us1,,338,5133,flink-github-ci
2016/09/01 04:29:35,FAILURE,ubuntu-us1,,337,15213,flink-github-ci
2016/09/01 01:08:04,ABORTED,ubuntu-2,,336,12089521,flink-github-ci
2016/09/01 00:02:53,FAILURE,ubuntu-2,,335,3910021,flink-github-ci
2016/09/01 00:02:45,FAILURE,ubuntu-2,,334,7014,flink-github-ci
2016/09/01 00:02:25,FAILURE,ubuntu-2,,333,19363,flink-github-ci
2016/08/31 22:57:54,FAILURE,ubuntu-2,,332,3870535,flink-github-ci
2016/08/31 22:57:30,FAILURE,ubuntu-2,,331,22904,flink-github-ci
2016/08/31 22:15:12,ABORTED,jenkins-test-fd0,,330,2537454,flink-github-ci
2016/08/31 21:58:56,FAILURE,jenkins-test-dc7,,329,82263,flink-github-ci
2016/08/31 20:51:52,FAILURE,H11,,328,3568923,flink-github-ci
2016/08/31 19:55:45,FAILURE,H11,,327,3365982,flink-github-ci
2016/08/31 18:50:05,FAILURE,H11,,326,3939088,flink-github-ci
2016/08/31 18:15:08,ABORTED,jenkins-test-cc5,,325,1941276,flink-github-ci
2016/08/31 14:52:49,ABORTED,ubuntu-2,,324,12065717,flink-github-ci
2016/08/31 14:52:34,FAILURE,H11,,323,13575,flink-github-ci
2016/08/31 14:52:13,FAILURE,ubuntu-2,,322,19779,flink-github-ci
2016/08/31 13:48:10,UNSTABLE,ubuntu-2,,321,3842036,flink-github-ci
2016/08/31 10:27:13,ABORTED,ubuntu-2,,320,12055180,flink-github-ci
2016/08/31 10:12:27,FAILURE,H11,,319,31784,flink-github-ci
2016/08/31 09:40:01,FAILURE,ubuntu-2,,318,1351564,flink-github-ci
2016/08/31 08:35:49,ABORTED,jenkins-test-b62,,317,1701450,flink-github-ci
2016/08/31 08:07:30,ABORTED,jenkins-test-b62,,316,1697730,flink-github-ci
2016/08/31 07:37:22,ABORTED,jenkins-test-b62,,315,1807492,flink-github-ci
2016/08/31 07:09:23,ABORTED,jenkins-test-914,,314,1677337,flink-github-ci
2016/08/31 03:47:51,ABORTED,ubuntu-2,,313,12088030,flink-github-ci
2016/08/30 22:55:38,ABORTED,jenkins-test-8d5,,312,1730860,flink-github-ci
2016/08/30 22:48:10,FAILURE,jenkins-test-8d5,,311,3404,flink-github-ci
2016/08/30 22:47:59,FAILURE,jenkins-test-8d5,,310,9551,flink-github-ci
2016/08/30 22:18:06,ABORTED,jenkins-test-8d5,,309,1792644,flink-github-ci
2016/08/30 22:15:34,FAILURE,ubuntu-us1,,308,11208,flink-github-ci
2016/08/30 21:09:09,FAILURE,H11,,307,3641255,flink-github-ci
2016/08/30 21:08:55,FAILURE,H11,,306,13398,flink-github-ci
2016/08/30 21:05:11,FAILURE,ubuntu-6,,305,22601,flink-github-ci
2016/08/30 20:18:03,ABORTED,jenkins-test-914,,304,2024784,flink-github-ci
2016/08/30 19:22:18,ABORTED,jenkins-test-914,,303,1916752,flink-github-ci
2016/08/30 17:42:59,FAILURE,ubuntu-4,,302,5854540,flink-github-ci
2016/08/30 16:31:22,FAILURE,ubuntu-2,,301,4295369,flink-github-ci
2016/08/30 15:17:03,UNSTABLE,ubuntu-2,,300,4457813,flink-github-ci
2016/08/30 15:16:48,FAILURE,ubuntu-2,,299,13735,flink-github-ci
2016/08/30 11:55:13,ABORTED,ubuntu-2,,298,12094287,flink-github-ci
2016/08/30 10:25:42,FAILURE,ubuntu-4,,297,5369997,flink-github-ci
2016/08/30 10:10:22,FAILURE,H11,,296,918198,flink-github-ci
2016/08/30 09:06:34,FAILURE,H11,,295,3827292,flink-github-ci
2016/08/30 08:59:59,FAILURE,jenkins-test-6ec,,294,394451,flink-github-ci
2016/08/30 05:32:24,ABORTED,ubuntu-2,,293,12139767,flink-github-ci
2016/08/30 05:31:26,FAILURE,jenkins-test-9f7,,292,57357,flink-github-ci
2016/08/30 02:10:58,ABORTED,ubuntu-2,,291,12022138,flink-github-ci
2016/08/30 02:10:09,FAILURE,H10,,290,48165,flink-github-ci
2016/08/29 22:49:36,ABORTED,ubuntu-2,,289,12032284,flink-github-ci
2016/08/29 21:25:10,FAILURE,ubuntu-2,,288,5065448,flink-github-ci
2016/08/29 21:17:59,FAILURE,ubuntu-2,,287,12458,flink-github-ci
2016/08/29 20:22:10,FAILURE,ubuntu-1,,286,3032317,flink-github-ci
2016/08/29 16:54:53,ABORTED,ubuntu-2,,285,12043901,flink-github-ci
2016/08/29 15:45:45,UNSTABLE,ubuntu-2,,284,4146871,flink-github-ci
2016/08/29 12:25:12,ABORTED,ubuntu-2,,283,12032850,flink-github-ci
2016/08/29 11:14:18,UNSTABLE,ubuntu-2,,282,4253353,flink-github-ci
2016/08/28 23:03:37,UNSTABLE,ubuntu-2,,281,4488050,flink-github-ci
2016/08/28 21:35:24,UNSTABLE,ubuntu-2,,280,5292527,flink-github-ci
2016/08/28 19:48:58,UNSTABLE,ubuntu-2,,279,4366647,flink-github-ci
2016/08/28 15:24:31,UNSTABLE,ubuntu-2,,278,4178846,flink-github-ci
2016/08/28 14:05:50,UNSTABLE,ubuntu-2,,277,4107698,flink-github-ci
2016/08/28 09:49:07,ABORTED,ubuntu-2,,276,12028417,flink-github-ci
2016/08/28 00:30:34,UNSTABLE,ubuntu-2,,275,4593741,flink-github-ci
2016/08/27 15:40:49,UNSTABLE,ubuntu-2,,274,4128089,flink-github-ci
2016/08/27 12:20:23,ABORTED,ubuntu-2,,273,12025181,flink-github-ci
2016/08/27 10:15:16,ABORTED,jenkins-test-809,,272,1966664,flink-github-ci
2016/08/27 09:43:36,ABORTED,jenkins-test-2ad,,271,1899290,flink-github-ci
2016/08/27 08:15:27,UNSTABLE,ubuntu-2,,270,4854518,flink-github-ci
2016/08/27 04:54:26,UNSTABLE,ubuntu-2,,269,4390733,flink-github-ci
2016/08/27 02:52:28,SUCCESS,H11,,268,3718750,flink-github-ci
2016/08/26 23:39:00,ABORTED,jenkins-test-340,,267,1665461,flink-github-ci
2016/08/26 23:10:32,ABORTED,jenkins-test-cf,,266,1707090,flink-github-ci
2016/08/26 22:41:59,ABORTED,jenkins-test-cf,,265,1712620,flink-github-ci
2016/08/26 22:12:10,ABORTED,jenkins-test-cf,,264,1788039,flink-github-ci
2016/08/26 21:44:04,ABORTED,jenkins-test-340,,263,1685023,flink-github-ci
2016/08/26 20:41:17,UNSTABLE,H10,,262,3764411,flink-github-ci
2016/08/26 17:20:28,ABORTED,H10,,261,12047999,flink-github-ci
2016/08/26 16:24:52,UNSTABLE,H10,,260,3335041,flink-github-ci
2016/08/26 16:10:52,ABORTED,jenkins-test-c80,,259,840205,flink-github-ci
2016/08/26 14:56:39,UNSTABLE,ubuntu-2,,258,4182444,flink-github-ci
2016/08/26 13:42:11,UNSTABLE,ubuntu-2,,257,4467013,flink-github-ci
2016/08/26 12:44:56,UNSTABLE,ubuntu-1,,256,2950745,flink-github-ci
2016/08/26 10:12:51,UNSTABLE,ubuntu-1,,255,4069386,flink-github-ci
2016/08/26 08:30:05,SUCCESS,H10,,254,3247843,flink-github-ci
2016/08/26 04:06:37,UNSTABLE,ubuntu-2,,253,4571513,flink-github-ci
2016/08/26 02:55:48,UNSTABLE,ubuntu-2,,252,4247791,flink-github-ci
2016/08/25 23:35:03,ABORTED,ubuntu-4,,251,12038548,flink-github-ci
2016/08/25 22:43:06,UNSTABLE,ubuntu-5,,250,3116577,flink-github-ci
2016/08/25 21:39:22,UNSTABLE,H11,,249,3628656,flink-github-ci
2016/08/25 20:40:37,UNSTABLE,H11,,248,3524697,flink-github-ci
2016/08/25 19:51:09,SUCCESS,ubuntu-1,,247,2964858,flink-github-ci
2016/08/25 18:42:00,UNSTABLE,ubuntu-2,,246,4135789,flink-github-ci
2016/08/25 17:32:29,UNSTABLE,ubuntu-2,,245,4170292,flink-github-ci
2016/08/25 16:25:31,UNSTABLE,ubuntu-2,,244,4017837,flink-github-ci
2016/08/25 15:16:35,UNSTABLE,ubuntu-2,,243,4134859,flink-github-ci
2016/08/25 14:34:06,FAILURE,ubuntu-2,,242,11806,flink-github-ci
2016/08/25 13:18:35,SUCCESS,H11,,241,3690813,flink-github-ci
2016/08/25 12:13:37,UNSTABLE,ubuntu-2,,240,3891132,flink-github-ci
2016/08/25 11:02:46,UNSTABLE,ubuntu-2,,239,4250219,flink-github-ci
2016/08/25 09:53:46,UNSTABLE,ubuntu-2,,238,4139451,flink-github-ci
2016/08/25 08:51:38,ABORTED,jenkins-test-a8c,,237,1786702,flink-github-ci
2016/08/25 07:14:14,ABORTED,jenkins-test-402,,236,1815345,flink-github-ci
2016/08/25 06:24:33,ABORTED,jenkins-test-371,,235,1831316,flink-github-ci
2016/08/25 05:17:28,UNSTABLE,ubuntu-2,,234,4022862,flink-github-ci
2016/08/25 04:18:31,FAILURE,ubuntu-2,,233,3535957,flink-github-ci
2016/08/25 00:58:06,ABORTED,ubuntu-2,,232,12024027,flink-github-ci
2016/08/24 23:49:06,UNSTABLE,ubuntu-2,,231,4139184,flink-github-ci
2016/08/24 22:43:42,UNSTABLE,ubuntu-2,,230,3923847,flink-github-ci
2016/08/24 19:23:22,ABORTED,ubuntu-2,,229,12018984,flink-github-ci
2016/08/24 19:23:09,FAILURE,ubuntu-2,,228,12500,flink-github-ci
2016/08/24 16:02:31,ABORTED,ubuntu-2,,227,12037737,flink-github-ci
2016/08/24 14:54:26,UNSTABLE,ubuntu-2,,226,4084002,flink-github-ci
2016/08/24 13:50:12,UNSTABLE,ubuntu-2,,225,3852970,flink-github-ci
2016/08/24 12:44:37,SUCCESS,ubuntu-2,,224,3927459,flink-github-ci
2016/08/24 11:37:47,SUCCESS,H11,,223,4004311,flink-github-ci
2016/08/24 09:57:07,ABORTED,jenkins-test-1b1,,222,2508009,flink-github-ci
2016/08/24 09:39:28,FAILURE,ubuntu-us1,,221,8284,flink-github-ci
2016/08/24 08:52:55,FAILURE,ubuntu-us1,,220,6188,flink-github-ci
2016/08/24 06:12:30,FAILURE,ubuntu-us1,,219,431335,flink-github-ci
2016/08/24 05:06:11,UNSTABLE,ubuntu-2,,218,3906340,flink-github-ci
2016/08/24 05:02:04,FAILURE,ubuntu-2,,217,16564,flink-github-ci
2016/08/24 03:47:28,FAILURE,H11,,216,1686250,flink-github-ci
2016/08/24 02:23:10,FAILURE,ubuntu-us1,,215,453444,flink-github-ci
2016/08/24 02:12:43,FAILURE,ubuntu-us1,,214,421703,flink-github-ci
2016/08/24 02:06:03,FAILURE,ubuntu-us1,,213,397527,flink-github-ci
2016/08/24 01:58:13,FAILURE,ubuntu-us1,,212,469872,flink-github-ci
2016/08/24 01:46:16,FAILURE,ubuntu-us1,,211,716097,flink-github-ci
2016/08/24 00:43:09,SUCCESS,H11,,210,3670407,flink-github-ci
2016/08/23 23:37:28,SUCCESS,ubuntu-2,,209,3936402,flink-github-ci
2016/08/23 22:28:24,UNSTABLE,ubuntu-2,,208,4143537,flink-github-ci
2016/08/23 21:23:06,UNSTABLE,ubuntu-2,,207,3917291,flink-github-ci
2016/08/23 18:02:35,ABORTED,ubuntu-2,,206,12029644,flink-github-ci
2016/08/23 08:44:34,UNSTABLE,H10,,205,3531413,flink-github-ci
2016/08/23 04:50:26,FAILURE,ubuntu-2,,204,737059,flink-github-ci
2016/08/23 04:38:06,FAILURE,ubuntu-2,,203,740051,flink-github-ci
2016/08/23 02:58:09,FAILURE,ubuntu-2,,202,41291,flink-github-ci
2016/08/22 22:48:38,ABORTED,jenkins-test-175,,201,1869701,flink-github-ci
2016/08/22 22:39:05,FAILURE,ubuntu-2,,200,29024,flink-github-ci
2016/08/22 20:50:58,FAILURE,ubuntu-6,,199,25251,flink-github-ci
2016/08/22 20:05:01,FAILURE,H11,,198,7763,flink-github-ci
2016/08/22 19:54:39,FAILURE,H11,,197,376748,flink-github-ci
2016/08/22 18:51:58,UNSTABLE,H11,,196,3758926,flink-github-ci
2016/08/22 16:43:02,SUCCESS,H10,,195,3375886,flink-github-ci
2016/08/22 15:14:10,SUCCESS,ubuntu-1,,194,5317489,flink-github-ci
2016/08/22 11:55:15,UNSTABLE,ubuntu-2,,193,4709413,flink-github-ci
2016/08/22 10:42:04,UNSTABLE,ubuntu-2,,192,4387857,flink-github-ci
2016/08/22 10:09:43,ABORTED,jenkins-test-1e0,,191,1939293,flink-github-ci
2016/08/22 08:20:29,UNSTABLE,ubuntu-2,,190,3969275,flink-github-ci
2016/08/22 06:41:42,FAILURE,ubuntu-2,,188,1733638,flink-github-ci
2016/08/22 04:35:32,UNSTABLE,ubuntu-2,,186,3895884,flink-github-ci
2016/08/21 22:05:10,UNSTABLE,ubuntu-2,,185,3691896,flink-github-ci
2016/08/21 17:20:55,SUCCESS,ubuntu-2,,184,3697722,flink-github-ci
2016/08/21 16:19:26,SUCCESS,ubuntu-2,,183,3687117,flink-github-ci
2016/08/21 10:49:47,SUCCESS,ubuntu-2,,182,3810522,flink-github-ci
2016/08/20 20:12:08,FAILURE,ubuntu-4,,181,14254,flink-github-ci
2016/08/20 01:30:09,FAILURE,jenkins-test-e58,,180,663178,flink-github-ci
2016/08/20 00:34:41,UNSTABLE,H11,,179,3327579,flink-github-ci
2016/08/19 21:14:15,ABORTED,ubuntu-us1,,178,12025325,flink-github-ci
2016/08/19 21:04:55,FAILURE,H10,,177,93220,flink-github-ci
2016/08/19 20:26:27,ABORTED,jenkins-test-58e,,176,1759651,flink-github-ci
2016/08/19 19:22:41,UNSTABLE,ubuntu-2,,175,3679985,flink-github-ci
2016/08/19 18:52:53,ABORTED,jenkins-test-557,,174,1787914,flink-github-ci
2016/08/19 17:50:18,UNSTABLE,ubuntu-2,,173,3522063,flink-github-ci
2016/08/19 17:43:09,FAILURE,ubuntu-2,,172,9254,flink-github-ci
2016/08/19 15:47:47,SUCCESS,ubuntu-2,,171,3746065,flink-github-ci
2016/08/19 14:49:20,FAILURE,H10,,170,2591,flink-github-ci
2016/08/19 14:49:17,FAILURE,H10,,169,2823,flink-github-ci
2016/08/19 14:49:07,FAILURE,H10,,168,9226,flink-github-ci
2016/08/19 13:51:42,SUCCESS,H10,,167,3441826,flink-github-ci
2016/08/19 13:12:31,ABORTED,jenkins-test-86,,166,1464277,flink-github-ci
2016/08/19 10:20:51,UNSTABLE,ubuntu-5,,165,7296977,flink-github-ci
2016/08/19 05:11:47,UNSTABLE,ubuntu-2,,164,7426017,flink-github-ci
2016/08/19 02:53:38,SUCCESS,ubuntu-2,,163,8268847,flink-github-ci
2016/08/19 00:45:38,SUCCESS,ubuntu-2,,162,7637285,flink-github-ci
2016/08/18 21:21:07,ABORTED,ubuntu-2,,161,12244806,flink-github-ci
2016/08/18 17:57:28,ABORTED,ubuntu-us1,,160,12216235,flink-github-ci
2016/08/18 16:55:51,ABORTED,jenkins-test-6de,,159,3693604,flink-github-ci
2016/08/18 14:37:16,UNSTABLE,ubuntu-2,,158,4893446,flink-github-ci
2016/08/18 13:15:43,UNSTABLE,ubuntu-2,,157,4890707,flink-github-ci
2016/08/18 11:51:36,UNSTABLE,ubuntu-2,,156,5043349,flink-github-ci
2016/08/18 09:19:18,UNSTABLE,ubuntu-us1,,155,9134720,flink-github-ci
2016/08/18 06:52:12,UNSTABLE,ubuntu-us1,,154,8822825,flink-github-ci
2016/08/18 02:37:18,UNSTABLE,H11,,153,4039310,flink-github-ci
2016/08/17 23:21:22,FAILURE,ubuntu-us1,,152,78429,flink-github-ci
2016/08/17 22:56:00,FAILURE,ubuntu-2,,151,433478,flink-github-ci
2016/08/17 21:48:43,UNSTABLE,ubuntu-2,,150,4034816,flink-github-ci
2016/08/17 20:47:07,UNSTABLE,ubuntu-2,,149,3694786,flink-github-ci
2016/08/17 20:24:31,FAILURE,jenkins-test-dca,,148,31156,flink-github-ci
2016/08/17 19:20:27,SUCCESS,H11,,147,3424597,flink-github-ci
2016/08/17 18:08:24,UNSTABLE,ubuntu-6,,146,4322403,flink-github-ci
2016/08/17 16:36:14,UNSTABLE,ubuntu-4,,145,5529179,flink-github-ci
2016/08/17 15:27:32,UNSTABLE,ubuntu-2,,144,3739136,flink-github-ci
2016/08/17 14:26:40,SUCCESS,ubuntu-2,,143,3649392,flink-github-ci
2016/08/17 13:04:52,SUCCESS,H10,,142,3481725,flink-github-ci
2016/08/17 11:58:50,SUCCESS,ubuntu-6,,141,3960275,flink-github-ci
2016/08/17 11:45:28,FAILURE,ubuntu-2,,140,616079,flink-github-ci
2016/08/17 10:04:45,UNSTABLE,H11,,139,3284046,flink-github-ci
2016/08/17 09:06:49,UNSTABLE,H11,,138,3475139,flink-github-ci
2016/08/16 23:31:04,FAILURE,ubuntu-2,,137,2288317,flink-github-ci
2016/08/16 17:54:08,UNSTABLE,ubuntu-5,,136,3041958,flink-github-ci
2016/08/16 16:58:26,UNSTABLE,ubuntu-2,,135,3337022,flink-github-ci
2016/08/16 15:09:18,SUCCESS,ubuntu-2,,134,3435771,flink-github-ci
2016/08/16 14:11:29,UNSTABLE,ubuntu-2,,133,3468633,flink-github-ci
2016/08/16 12:38:48,SUCCESS,ubuntu-2,,132,3427869,flink-github-ci
2016/08/16 11:41:15,UNSTABLE,ubuntu-2,,131,3452924,flink-github-ci
2016/08/16 10:40:08,UNSTABLE,ubuntu-2,,130,3665628,flink-github-ci
2016/08/16 09:39:20,UNSTABLE,ubuntu-2,,129,3647664,flink-github-ci
2016/08/16 09:15:08,ABORTED,jenkins-test-f81,,128,1451115,flink-github-ci
2016/08/16 08:47:14,ABORTED,jenkins-test-f81,,127,1672850,flink-github-ci
2016/08/16 07:47:01,UNSTABLE,ubuntu-2,,126,3584410,flink-github-ci
2016/08/16 07:16:10,ABORTED,jenkins-test-19d,,125,1850519,flink-github-ci
2016/08/16 06:21:39,UNSTABLE,H11,,124,3269460,flink-github-ci
2016/08/16 05:26:12,UNSTABLE,ubuntu-2,,123,3325053,flink-github-ci
2016/08/16 04:28:14,UNSTABLE,ubuntu-2,,122,3477229,flink-github-ci
2016/08/16 01:08:00,ABORTED,H11,,121,12013392,flink-github-ci
2016/08/15 21:47:35,ABORTED,H11,,120,12023803,flink-github-ci
2016/08/15 18:26:53,ABORTED,H11,,119,12041667,flink-github-ci
2016/08/15 17:27:09,UNSTABLE,H11,,118,3583679,flink-github-ci
2016/08/15 16:10:36,UNSTABLE,ubuntu-2,,117,3383209,flink-github-ci
2016/08/15 14:41:05,SUCCESS,ubuntu-2,,116,3324585,flink-github-ci
2016/08/15 13:35:23,SUCCESS,ubuntu-2,,115,3433367,flink-github-ci
2016/08/15 12:39:38,SUCCESS,ubuntu-2,,114,3342267,flink-github-ci
2016/08/15 11:46:58,UNSTABLE,ubuntu-2,,113,3159835,flink-github-ci
2016/08/15 10:47:22,SUCCESS,H11,,112,3574795,flink-github-ci
2016/08/15 09:48:53,UNSTABLE,ubuntu-5,,111,3506153,flink-github-ci
2016/08/15 08:23:37,UNSTABLE,ubuntu-2,,110,3936558,flink-github-ci
2016/08/15 07:30:23,UNSTABLE,ubuntu-2,,109,3193501,flink-github-ci
2016/08/15 06:00:57,UNSTABLE,ubuntu-2,,108,3191799,flink-github-ci
2016/08/15 03:04:25,UNSTABLE,ubuntu-2,,107,3226997,flink-github-ci
2016/08/14 21:10:15,ABORTED,ubuntu-2,,106,12015849,flink-github-ci
2016/08/14 20:14:35,UNSTABLE,ubuntu-2,,105,3339420,flink-github-ci
2016/08/14 19:18:21,UNSTABLE,ubuntu-2,,104,3372040,flink-github-ci
2016/08/14 18:19:58,UNSTABLE,ubuntu-2,,103,3175826,flink-github-ci
2016/08/14 17:12:50,UNSTABLE,ubuntu-2,,102,4026828,flink-github-ci
2016/08/14 00:51:03,UNSTABLE,ubuntu-2,,101,3875987,flink-github-ci
2016/08/13 18:35:10,ABORTED,ubuntu-2,,100,12019042,flink-github-ci
2016/08/13 07:58:23,ABORTED,ubuntu-2,,99,12013929,flink-github-ci
2016/08/13 04:38:10,ABORTED,ubuntu-2,,98,12012233,flink-github-ci
2016/08/13 01:17:56,ABORTED,ubuntu-2,,97,12013557,flink-github-ci
2016/08/12 21:57:36,ABORTED,ubuntu-2,,96,12018607,flink-github-ci
2016/08/12 21:07:45,UNSTABLE,ubuntu-2,,95,2990761,flink-github-ci
2016/08/12 20:19:29,UNSTABLE,ubuntu-2,,94,2895546,flink-github-ci
2016/08/12 19:43:18,FAILURE,ubuntu-2,,93,2169870,flink-github-ci
2016/08/12 18:56:06,SUCCESS,ubuntu-1,,92,2830262,flink-github-ci
2016/08/12 17:46:55,UNSTABLE,ubuntu-6,,91,4150277,flink-github-ci
2016/08/12 16:51:56,UNSTABLE,ubuntu-2,,90,2893843,flink-github-ci
2016/08/12 13:31:45,ABORTED,ubuntu-2,,89,12009796,flink-github-ci
2016/08/12 13:28:55,FAILURE,ubuntu-2,,88,169099,flink-github-ci
2016/08/12 12:54:03,FAILURE,ubuntu-2,,87,2091740,flink-github-ci
2016/08/12 11:29:45,FAILURE,jenkins-test-fce,,86,22812,flink-github-ci
2016/08/12 11:19:53,FAILURE,ubuntu3,,85,12157,flink-github-ci
2016/08/12 10:58:43,FAILURE,jenkins-test-e9,,84,27221,flink-github-ci
2016/09/08 19:20:43,SUCCESS,ubuntu-us1,,204,3627141,Flume-trunk-hbase-1
2016/09/01 05:45:11,FAILURE,jenkins-test-8ce,,203,2669900,Flume-trunk-hbase-1
2016/09/01 04:04:27,FAILURE,ubuntu-1,,202,3291289,Flume-trunk-hbase-1
2016/08/30 01:51:21,UNSTABLE,ubuntu-5,,201,4011044,Flume-trunk-hbase-1
2016/08/29 21:35:47,FAILURE,jenkins-test-9e1,,200,2262363,Flume-trunk-hbase-1
2016/08/26 02:04:19,FAILURE,ubuntu-2,,199,6093119,Flume-trunk-hbase-1
2016/08/22 23:19:17,UNSTABLE,ubuntu-1,,198,2421600,Flume-trunk-hbase-1
2016/08/21 21:49:18,UNSTABLE,ubuntu-1,,197,2359295,Flume-trunk-hbase-1
2016/08/18 00:54:48,ABORTED,ubuntu-1,,196,3377838,Flume-trunk-hbase-1
2016/08/17 20:11:24,FAILURE,jenkins-test-a44,,195,3473828,Flume-trunk-hbase-1
2016/08/17 19:34:17,FAILURE,ubuntu3,,194,28175,Flume-trunk-hbase-1
2016/08/10 01:04:37,UNSTABLE,H10,,193,3445349,Flume-trunk-hbase-1
2016/08/09 04:07:52,FAILURE,ubuntu-4,,192,4132181,Flume-trunk-hbase-1
2016/08/05 23:02:46,SUCCESS,ubuntu3,,191,3263074,Flume-trunk-hbase-1
2016/07/30 00:34:18,SUCCESS,ubuntu3,,190,3572747,Flume-trunk-hbase-1
2016/07/29 07:19:21,FAILURE,H10,,189,4978,Flume-trunk-hbase-1
2016/07/27 21:05:08,FAILURE,H11,,186,15723,Flume-trunk-hbase-1
2016/07/21 03:02:54,SUCCESS,jenkins-test-a83,,184,8950934,Flume-trunk-hbase-1
2016/07/20 21:37:36,UNSTABLE,ubuntu3,,183,6905936,Flume-trunk-hbase-1
2016/07/20 07:09:57,SUCCESS,ubuntu3,,182,4788622,Flume-trunk-hbase-1
2016/07/20 03:26:16,SUCCESS,H10,,181,5750545,Flume-trunk-hbase-1
2016/07/14 03:19:54,SUCCESS,ubuntu3,,180,4191653,Flume-trunk-hbase-1
2016/07/13 22:04:51,FAILURE,jenkins-test-9b4,,179,4180432,Flume-trunk-hbase-1
2016/07/11 22:34:48,FAILURE,ubuntu3,,177,3009159,Flume-trunk-hbase-1
2016/07/11 01:04:44,FAILURE,ubuntu3,,176,3835944,Flume-trunk-hbase-1
2016/07/10 01:48:49,UNSTABLE,ubuntu-2,,175,4209005,Flume-trunk-hbase-1
2016/09/11 08:30:10,SUCCESS,H5,,10424,571839,Hadoop-trunk-Commit
2016/09/11 03:50:07,SUCCESS,H7,,10423,559055,Hadoop-trunk-Commit
2016/09/10 00:30:08,SUCCESS,H4,,10422,586887,Hadoop-trunk-Commit
2016/09/09 21:30:09,SUCCESS,H1,,10421,545143,Hadoop-trunk-Commit
2016/09/09 20:30:08,SUCCESS,H7,,10420,541776,Hadoop-trunk-Commit
2016/09/09 20:10:13,SUCCESS,H7,,10419,553424,Hadoop-trunk-Commit
2016/09/09 17:50:16,SUCCESS,H7,,10418,539549,Hadoop-trunk-Commit
2016/09/09 05:10:10,SUCCESS,H4,,10417,539782,Hadoop-trunk-Commit
2016/09/09 04:30:07,SUCCESS,H4,,10416,580494,Hadoop-trunk-Commit
2016/09/09 03:50:10,SUCCESS,H7,,10415,548144,Hadoop-trunk-Commit
2016/09/09 03:10:15,SUCCESS,H7,,10414,552726,Hadoop-trunk-Commit
2016/09/09 02:50:09,SUCCESS,H7,,10413,547667,Hadoop-trunk-Commit
2016/09/08 22:50:06,SUCCESS,H1,,10412,573563,Hadoop-trunk-Commit
2016/09/08 21:50:11,SUCCESS,H7,,10411,581083,Hadoop-trunk-Commit
2016/09/08 21:10:08,SUCCESS,H5,,10410,555909,Hadoop-trunk-Commit
2016/09/08 18:50:07,SUCCESS,H7,,10409,537550,Hadoop-trunk-Commit
2016/09/08 18:10:11,SUCCESS,H7,,10408,547727,Hadoop-trunk-Commit
2016/09/08 08:30:09,SUCCESS,H7,,10407,572888,Hadoop-trunk-Commit
2016/09/08 00:10:10,SUCCESS,H5,,10406,550810,Hadoop-trunk-Commit
2016/09/07 20:10:12,SUCCESS,H7,,10405,541568,Hadoop-trunk-Commit
2016/09/07 13:30:12,SUCCESS,H7,,10404,549905,Hadoop-trunk-Commit
2016/09/07 07:50:15,SUCCESS,H5,,10403,539202,Hadoop-trunk-Commit
2016/09/07 06:30:10,SUCCESS,H5,,10402,565826,Hadoop-trunk-Commit
2016/09/06 22:50:33,SUCCESS,H1,,10401,639120,Hadoop-trunk-Commit
2016/09/06 21:10:32,SUCCESS,H1,,10400,650200,Hadoop-trunk-Commit
2016/09/06 20:50:29,SUCCESS,H1,,10399,786782,Hadoop-trunk-Commit
2016/09/06 20:14:38,SUCCESS,H9,,10398,1016991,Hadoop-trunk-Commit
2016/09/06 17:10:29,SUCCESS,H7,,10397,702095,Hadoop-trunk-Commit
2016/09/06 11:30:29,SUCCESS,H4,,10396,627880,Hadoop-trunk-Commit
2016/09/06 10:50:37,SUCCESS,H4,,10395,639758,Hadoop-trunk-Commit
2016/09/03 00:50:28,SUCCESS,H5,,10394,587166,Hadoop-trunk-Commit
2016/09/03 00:10:30,SUCCESS,H4,,10393,657143,Hadoop-trunk-Commit
2016/09/02 20:30:29,SUCCESS,H5,,10392,593051,Hadoop-trunk-Commit
2016/09/02 20:10:30,SUCCESS,H5,,10391,568502,Hadoop-trunk-Commit
2016/09/02 18:10:26,SUCCESS,H5,,10390,583923,Hadoop-trunk-Commit
2016/09/02 12:50:49,SUCCESS,H5,,10389,616548,Hadoop-trunk-Commit
2016/09/02 01:10:24,SUCCESS,H7,,10388,554518,Hadoop-trunk-Commit
2016/09/01 23:56:27,SUCCESS,H4,,10387,581219,Hadoop-trunk-Commit
2016/09/01 22:50:25,SUCCESS,H4,,10386,544252,Hadoop-trunk-Commit
2016/09/01 20:50:23,SUCCESS,H7,,10385,533829,Hadoop-trunk-Commit
2016/09/01 20:10:24,SUCCESS,H7,,10384,562450,Hadoop-trunk-Commit
2016/09/01 10:50:27,SUCCESS,H4,,10383,546871,Hadoop-trunk-Commit
2016/09/01 08:50:27,SUCCESS,H4,,10382,569541,Hadoop-trunk-Commit
2016/09/01 00:50:24,SUCCESS,H7,,10381,575793,Hadoop-trunk-Commit
2016/08/31 23:50:30,SUCCESS,H7,,10380,559540,Hadoop-trunk-Commit
2016/08/31 21:10:30,SUCCESS,H5,,10379,571319,Hadoop-trunk-Commit
2016/08/31 03:50:24,SUCCESS,H7,,10378,643038,Hadoop-trunk-Commit
2016/08/31 01:11:37,SUCCESS,H7,,10377,611582,Hadoop-trunk-Commit
2016/08/30 23:10:32,SUCCESS,H5,,10376,600348,Hadoop-trunk-Commit
2016/08/30 20:10:34,SUCCESS,H5,,10375,618625,Hadoop-trunk-Commit
2016/08/30 16:10:31,SUCCESS,H4,,10374,613738,Hadoop-trunk-Commit
2016/08/30 08:50:24,SUCCESS,H4,,10373,601106,Hadoop-trunk-Commit
2016/08/30 02:50:25,SUCCESS,H4,,10372,601312,Hadoop-trunk-Commit
2016/08/30 01:30:32,SUCCESS,H7,,10371,636475,Hadoop-trunk-Commit
2016/08/30 01:07:49,SUCCESS,H0,,10370,812016,Hadoop-trunk-Commit
2016/08/29 23:50:25,SUCCESS,H7,,10369,630269,Hadoop-trunk-Commit
2016/08/29 23:10:26,SUCCESS,H7,,10368,651697,Hadoop-trunk-Commit
2016/08/29 22:10:33,SUCCESS,H5,,10367,599111,Hadoop-trunk-Commit
2016/08/29 19:30:25,SUCCESS,H7,,10366,590595,Hadoop-trunk-Commit
2016/08/29 18:30:27,SUCCESS,H7,,10365,610736,Hadoop-trunk-Commit
2016/08/29 18:10:25,SUCCESS,H5,,10364,621695,Hadoop-trunk-Commit
2016/08/28 08:10:20,SUCCESS,H4,,10363,616066,Hadoop-trunk-Commit
2016/08/27 02:30:15,SUCCESS,H7,,10362,603562,Hadoop-trunk-Commit
2016/08/27 02:13:47,SUCCESS,H6,,10361,672270,Hadoop-trunk-Commit
2016/08/27 01:50:16,SUCCESS,H7,,10360,598887,Hadoop-trunk-Commit
2016/08/27 00:50:21,SUCCESS,H7,,10359,628053,Hadoop-trunk-Commit
2016/08/26 23:30:22,SUCCESS,H7,,10358,597852,Hadoop-trunk-Commit
2016/08/26 22:50:16,SUCCESS,H7,,10357,593001,Hadoop-trunk-Commit
2016/08/26 20:10:19,SUCCESS,H5,,10356,598943,Hadoop-trunk-Commit
2016/08/26 18:10:16,SUCCESS,H5,,10355,596107,Hadoop-trunk-Commit
2016/08/26 17:10:21,SUCCESS,H5,,10354,600143,Hadoop-trunk-Commit
2016/08/26 16:50:16,SUCCESS,H5,,10353,599639,Hadoop-trunk-Commit
2016/08/26 13:10:20,SUCCESS,H7,,10352,778614,Hadoop-trunk-Commit
2016/08/26 05:30:17,SUCCESS,H5,,10351,603845,Hadoop-trunk-Commit
2016/08/26 05:10:15,SUCCESS,H5,,10350,628587,Hadoop-trunk-Commit
2016/08/25 23:10:17,SUCCESS,H1,,10349,627013,Hadoop-trunk-Commit
2016/08/25 19:10:18,SUCCESS,H7,,10348,594449,Hadoop-trunk-Commit
2016/08/25 18:50:17,SUCCESS,H7,,10347,605051,Hadoop-trunk-Commit
2016/08/25 18:30:15,SUCCESS,H7,,10346,608735,Hadoop-trunk-Commit
2016/08/25 16:50:23,SUCCESS,H7,,10345,594141,Hadoop-trunk-Commit
2016/08/25 16:30:16,SUCCESS,H7,,10344,596841,Hadoop-trunk-Commit
2016/08/25 16:10:17,SUCCESS,H7,,10343,606560,Hadoop-trunk-Commit
2016/08/25 10:50:20,SUCCESS,H7,,10342,670434,Hadoop-trunk-Commit
2016/08/25 07:10:17,SUCCESS,H5,,10341,542124,Hadoop-trunk-Commit
2016/08/25 04:10:16,SUCCESS,H7,,10340,549492,Hadoop-trunk-Commit
2016/08/24 22:30:20,SUCCESS,H4,,10339,615647,Hadoop-trunk-Commit
2016/08/24 20:30:20,SUCCESS,H7,,10338,644375,Hadoop-trunk-Commit
2016/08/24 16:50:20,SUCCESS,H5,,10337,597574,Hadoop-trunk-Commit
2016/08/24 16:30:16,SUCCESS,H5,,10336,597274,Hadoop-trunk-Commit
2016/08/24 16:10:15,SUCCESS,H5,,10335,596722,Hadoop-trunk-Commit
2016/08/24 15:50:17,SUCCESS,H5,,10334,602072,Hadoop-trunk-Commit
2016/08/24 09:50:16,SUCCESS,H7,,10333,605955,Hadoop-trunk-Commit
2016/08/23 23:30:22,SUCCESS,H7,,10332,621008,Hadoop-trunk-Commit
2016/08/23 22:30:16,SUCCESS,H5,,10331,622360,Hadoop-trunk-Commit
2016/08/23 17:10:18,SUCCESS,H4,,10330,808389,Hadoop-trunk-Commit
2016/08/23 16:50:19,SUCCESS,H7,,10329,615583,Hadoop-trunk-Commit
2016/08/23 16:30:15,SUCCESS,H7,,10328,620160,Hadoop-trunk-Commit
2016/08/23 13:30:17,SUCCESS,H5,,10327,613472,Hadoop-trunk-Commit
2016/08/23 13:10:18,SUCCESS,H7,,10326,606691,Hadoop-trunk-Commit
2016/08/23 11:10:20,SUCCESS,H5,,10325,1026790,Hadoop-trunk-Commit
2016/08/23 10:30:16,SUCCESS,H7,,10324,664421,Hadoop-trunk-Commit
2016/08/23 03:50:15,SUCCESS,H7,,10323,611915,Hadoop-trunk-Commit
2016/08/23 03:10:15,SUCCESS,H7,,10322,671191,Hadoop-trunk-Commit
2016/08/23 00:10:19,SUCCESS,H7,,10321,595898,Hadoop-trunk-Commit
2016/08/22 23:50:21,SUCCESS,H7,,10320,592976,Hadoop-trunk-Commit
2016/08/22 22:50:22,SUCCESS,H5,,10319,602432,Hadoop-trunk-Commit
2016/08/22 20:50:23,SUCCESS,H7,,10318,612598,Hadoop-trunk-Commit
2016/08/21 18:50:22,SUCCESS,H5,,10317,599601,Hadoop-trunk-Commit
2016/08/21 18:30:20,SUCCESS,H5,,10316,612134,Hadoop-trunk-Commit
2016/08/20 07:30:12,SUCCESS,H7,,10315,598384,Hadoop-trunk-Commit
2016/08/20 04:10:07,SUCCESS,H5,,10314,595951,Hadoop-trunk-Commit
2016/08/20 01:50:11,SUCCESS,H7,,10313,610016,Hadoop-trunk-Commit
2016/08/20 00:50:07,SUCCESS,H7,,10312,592898,Hadoop-trunk-Commit
2016/08/19 22:10:09,SUCCESS,H7,,10311,628086,Hadoop-trunk-Commit
2016/08/19 18:30:08,SUCCESS,H5,,10310,593621,Hadoop-trunk-Commit
2016/08/19 16:30:11,SUCCESS,H5,,10309,646722,Hadoop-trunk-Commit
2016/08/19 14:10:14,SUCCESS,H5,,10308,606967,Hadoop-trunk-Commit
2016/08/19 13:10:09,SUCCESS,H5,,10307,617188,Hadoop-trunk-Commit
2016/08/19 11:50:30,SUCCESS,H1,,10306,691034,Hadoop-trunk-Commit
2016/08/19 09:30:22,SUCCESS,H1,,10305,701896,Hadoop-trunk-Commit
2016/08/19 05:30:21,SUCCESS,H4,,10304,671608,Hadoop-trunk-Commit
2016/08/19 00:10:25,SUCCESS,H7,,10303,677892,Hadoop-trunk-Commit
2016/08/18 23:30:37,SUCCESS,H7,,10302,677345,Hadoop-trunk-Commit
2016/08/18 20:10:19,SUCCESS,H5,,10301,674686,Hadoop-trunk-Commit
2016/08/18 16:30:33,SUCCESS,H7,,10300,663214,Hadoop-trunk-Commit
2016/08/18 15:50:16,SUCCESS,H4,,10299,753217,Hadoop-trunk-Commit
2016/08/18 09:10:18,SUCCESS,H7,,10298,939361,Hadoop-trunk-Commit
2016/08/18 02:50:16,SUCCESS,H4,,10297,1135683,Hadoop-trunk-Commit
2016/08/18 01:30:18,SUCCESS,H7,,10296,632972,Hadoop-trunk-Commit
2016/08/18 01:10:21,SUCCESS,H7,,10295,636759,Hadoop-trunk-Commit
2016/08/18 00:25:44,SUCCESS,H7,,10294,1166504,Hadoop-trunk-Commit
2016/08/17 23:10:16,SUCCESS,H1,,10293,647081,Hadoop-trunk-Commit
2016/08/17 22:30:24,SUCCESS,H1,,10292,910249,Hadoop-trunk-Commit
2016/08/17 18:30:26,SUCCESS,H7,,10291,625570,Hadoop-trunk-Commit
2016/08/17 12:10:16,SUCCESS,H5,,10290,606198,Hadoop-trunk-Commit
2016/08/17 02:50:18,SUCCESS,H7,,10289,596303,Hadoop-trunk-Commit
2016/08/17 02:30:16,SUCCESS,H7,,10288,597143,Hadoop-trunk-Commit
2016/08/17 01:30:24,SUCCESS,H5,,10287,599589,Hadoop-trunk-Commit
2016/08/17 00:30:19,SUCCESS,H7,,10286,829263,Hadoop-trunk-Commit
2016/08/16 21:30:18,SUCCESS,H7,,10285,592579,Hadoop-trunk-Commit
2016/08/16 19:30:17,SUCCESS,H7,,10284,784416,Hadoop-trunk-Commit
2016/08/16 17:10:16,SUCCESS,H5,,10283,612067,Hadoop-trunk-Commit
2016/08/16 10:50:16,SUCCESS,H7,,10282,612846,Hadoop-trunk-Commit
2016/08/16 06:50:16,SUCCESS,H2,,10281,762482,Hadoop-trunk-Commit
2016/08/16 06:10:18,SUCCESS,H5,,10280,614496,Hadoop-trunk-Commit
2016/08/16 05:30:17,SUCCESS,H5,,10279,600238,Hadoop-trunk-Commit
2016/08/16 05:10:16,SUCCESS,H5,,10278,595412,Hadoop-trunk-Commit
2016/08/16 03:30:22,SUCCESS,H7,,10277,823360,Hadoop-trunk-Commit
2016/08/16 00:30:21,SUCCESS,H5,,10276,992715,Hadoop-trunk-Commit
2016/08/15 23:50:18,SUCCESS,H7,,10275,613313,Hadoop-trunk-Commit
2016/08/15 21:50:20,SUCCESS,H7,,10274,708755,Hadoop-trunk-Commit
2016/08/15 20:50:15,SUCCESS,H7,,10273,763406,Hadoop-trunk-Commit
2016/08/15 20:10:20,SUCCESS,H4,,10272,672265,Hadoop-trunk-Commit
2016/08/15 18:50:18,SUCCESS,H5,,10271,600825,Hadoop-trunk-Commit
2016/08/15 00:10:16,SUCCESS,H5,,10270,611943,Hadoop-trunk-Commit
2016/08/12 17:10:07,SUCCESS,H2,,10269,612753,Hadoop-trunk-Commit
2016/08/12 15:10:08,SUCCESS,H5,,10268,600294,Hadoop-trunk-Commit
2016/08/12 08:21:47,ABORTED,H0,,10267,1821396,Hadoop-trunk-Commit
2016/08/12 05:10:07,SUCCESS,H5,,10266,596372,Hadoop-trunk-Commit
2016/08/11 21:50:36,SUCCESS,H5,,10265,602760,Hadoop-trunk-Commit
2016/08/11 21:30:35,SUCCESS,H7,,10264,591916,Hadoop-trunk-Commit
2016/08/11 21:10:40,SUCCESS,H7,,10263,612718,Hadoop-trunk-Commit
2016/08/11 09:10:36,SUCCESS,H4,,10262,628455,Hadoop-trunk-Commit
2016/08/11 08:30:34,SUCCESS,H7,,10261,591385,Hadoop-trunk-Commit
2016/08/11 07:30:46,SUCCESS,H7,,10260,590937,Hadoop-trunk-Commit
2016/08/11 05:30:36,SUCCESS,H7,,10259,599358,Hadoop-trunk-Commit
2016/08/11 04:30:42,SUCCESS,H7,,10258,606996,Hadoop-trunk-Commit
2016/08/11 01:47:37,SUCCESS,H7,,10257,627354,Hadoop-trunk-Commit
2016/08/11 01:16:01,SUCCESS,H5,,10256,645454,Hadoop-trunk-Commit
2016/08/10 21:10:36,SUCCESS,H5,,10255,907224,Hadoop-trunk-Commit
2016/08/10 20:30:37,SUCCESS,H5,,10254,626000,Hadoop-trunk-Commit
2016/08/10 20:10:35,SUCCESS,H5,,10253,606089,Hadoop-trunk-Commit
2016/08/10 19:10:36,SUCCESS,H7,,10252,615651,Hadoop-trunk-Commit
2016/08/10 03:30:35,SUCCESS,H7,,10251,1054582,Hadoop-trunk-Commit
2016/08/10 02:10:38,SUCCESS,H4,,10250,594513,Hadoop-trunk-Commit
2016/08/10 01:10:37,SUCCESS,H4,,10249,651363,Hadoop-trunk-Commit
2016/08/09 22:50:33,SUCCESS,H5,,10248,592122,Hadoop-trunk-Commit
2016/08/09 22:10:35,SUCCESS,H5,,10247,593910,Hadoop-trunk-Commit
2016/08/09 21:50:37,SUCCESS,H7,,10246,599603,Hadoop-trunk-Commit
2016/08/09 20:10:33,SUCCESS,H1,,10245,612992,Hadoop-trunk-Commit
2016/08/09 19:10:33,SUCCESS,H7,,10244,604212,Hadoop-trunk-Commit
2016/08/09 18:10:33,SUCCESS,H5,,10243,596311,Hadoop-trunk-Commit
2016/08/09 12:50:34,SUCCESS,H5,,10242,889544,Hadoop-trunk-Commit
2016/08/09 09:50:38,SUCCESS,H4,,10241,591072,Hadoop-trunk-Commit
2016/08/09 03:50:34,SUCCESS,H5,,10240,848066,Hadoop-trunk-Commit
2016/08/09 02:50:36,SUCCESS,H7,,10239,657511,Hadoop-trunk-Commit
2016/08/09 00:39:00,SUCCESS,H4,,10238,1028461,Hadoop-trunk-Commit
2016/08/08 23:30:34,SUCCESS,H7,,10237,628977,Hadoop-trunk-Commit
2016/08/08 21:50:37,SUCCESS,H1,,10236,649659,Hadoop-trunk-Commit
2016/08/08 21:15:20,SUCCESS,H9,,10235,623013,Hadoop-trunk-Commit
2016/08/08 20:17:57,SUCCESS,H6,,10234,665253,Hadoop-trunk-Commit
2016/08/08 18:50:35,SUCCESS,H7,,10233,990853,Hadoop-trunk-Commit
2016/08/08 18:30:33,SUCCESS,H7,,10232,675124,Hadoop-trunk-Commit
2016/08/08 00:10:34,SUCCESS,H5,,10231,906601,Hadoop-trunk-Commit
2016/08/06 21:50:24,SUCCESS,H7,,10230,693249,Hadoop-trunk-Commit
2016/08/06 05:30:29,SUCCESS,H5,,10229,600373,Hadoop-trunk-Commit
2016/08/06 01:50:30,SUCCESS,H7,,10228,599153,Hadoop-trunk-Commit
2016/08/05 21:50:29,SUCCESS,H5,,10227,597461,Hadoop-trunk-Commit
2016/08/05 20:10:24,SUCCESS,H7,,10226,589227,Hadoop-trunk-Commit
2016/08/05 19:50:26,SUCCESS,H7,,10225,600713,Hadoop-trunk-Commit
2016/08/05 19:30:27,SUCCESS,H7,,10224,598062,Hadoop-trunk-Commit
2016/08/05 18:10:29,SUCCESS,H7,,10223,616289,Hadoop-trunk-Commit
2016/08/05 13:10:26,SUCCESS,H6,,10222,640584,Hadoop-trunk-Commit
2016/08/05 10:50:24,FAILURE,H5,,10221,237756,Hadoop-trunk-Commit
2016/08/05 04:50:26,SUCCESS,H7,,10220,600344,Hadoop-trunk-Commit
2016/08/04 23:30:28,SUCCESS,H4,,10219,613050,Hadoop-trunk-Commit
2016/08/04 22:30:29,SUCCESS,H7,,10218,591042,Hadoop-trunk-Commit
2016/08/04 21:50:25,SUCCESS,H7,,10217,657257,Hadoop-trunk-Commit
2016/08/04 19:48:21,SUCCESS,H2,,10216,615079,Hadoop-trunk-Commit
2016/08/04 17:50:32,SUCCESS,H7,,10215,654890,Hadoop-trunk-Commit
2016/08/04 16:10:30,SUCCESS,H1,,10214,606217,Hadoop-trunk-Commit
2016/08/04 13:30:25,SUCCESS,H3,,10213,712997,Hadoop-trunk-Commit
2016/08/04 12:15:22,SUCCESS,H9,,10212,625085,Hadoop-trunk-Commit
2016/08/04 10:22:57,SUCCESS,H7,,10211,677960,Hadoop-trunk-Commit
2016/08/04 08:38:10,SUCCESS,H1,,10210,1617206,Hadoop-trunk-Commit
2016/08/03 23:30:25,SUCCESS,H7,,10209,595045,Hadoop-trunk-Commit
2016/08/03 22:30:24,SUCCESS,H7,,10208,594346,Hadoop-trunk-Commit
2016/08/03 22:10:25,SUCCESS,H7,,10207,585558,Hadoop-trunk-Commit
2016/08/03 21:50:24,SUCCESS,H7,,10206,589181,Hadoop-trunk-Commit
2016/08/03 21:18:43,SUCCESS,H7,,10205,597761,Hadoop-trunk-Commit
2016/08/03 20:30:25,SUCCESS,H4,,10204,606186,Hadoop-trunk-Commit
2016/08/03 19:30:25,SUCCESS,H9,,10203,617955,Hadoop-trunk-Commit
2016/08/03 19:10:27,SUCCESS,H7,,10202,608877,Hadoop-trunk-Commit
2016/08/03 16:50:25,SUCCESS,H7,,10201,643773,Hadoop-trunk-Commit
2016/08/03 08:57:07,SUCCESS,H5,,10200,795845,Hadoop-trunk-Commit
2016/08/03 07:50:38,SUCCESS,H9,,10199,645355,Hadoop-trunk-Commit
2016/08/03 07:30:24,SUCCESS,H3,,10198,625983,Hadoop-trunk-Commit
2016/08/03 00:31:43,FAILURE,H0,,10197,22879,Hadoop-trunk-Commit
2016/08/02 22:50:24,SUCCESS,H7,,10196,630694,Hadoop-trunk-Commit
2016/08/02 21:50:29,SUCCESS,H5,,10195,593704,Hadoop-trunk-Commit
2016/08/02 19:50:33,SUCCESS,H7,,10194,590515,Hadoop-trunk-Commit
2016/08/02 17:50:25,SUCCESS,H4,,10193,614652,Hadoop-trunk-Commit
2016/08/02 13:50:34,SUCCESS,H5,,10192,605240,Hadoop-trunk-Commit
2016/08/02 10:10:28,SUCCESS,H7,,10191,590826,Hadoop-trunk-Commit
2016/08/02 08:50:25,SUCCESS,H7,,10190,642187,Hadoop-trunk-Commit
2016/08/02 08:10:24,SUCCESS,H7,,10189,615576,Hadoop-trunk-Commit
2016/08/01 17:30:26,SUCCESS,H7,,10188,595824,Hadoop-trunk-Commit
2016/08/01 12:50:23,SUCCESS,H5,,10187,1045757,Hadoop-trunk-Commit
2016/08/01 10:50:28,SUCCESS,H5,,10186,661756,Hadoop-trunk-Commit
2016/08/01 00:42:44,SUCCESS,H5,,10185,818619,Hadoop-trunk-Commit
2016/07/31 20:50:26,SUCCESS,H5,,10184,594924,Hadoop-trunk-Commit
2016/07/31 04:50:18,SUCCESS,H5,,10183,883811,Hadoop-trunk-Commit
2016/07/30 17:50:17,SUCCESS,H5,,10182,865166,Hadoop-trunk-Commit
2016/07/30 15:30:18,SUCCESS,H4,,10181,616021,Hadoop-trunk-Commit
2016/07/30 08:30:18,SUCCESS,H5,,10180,645092,Hadoop-trunk-Commit
2016/07/30 04:50:21,SUCCESS,H7,,10179,826604,Hadoop-trunk-Commit
2016/07/29 19:30:24,SUCCESS,H5,,10178,602339,Hadoop-trunk-Commit
2016/07/29 08:50:25,SUCCESS,H7,,10177,639267,Hadoop-trunk-Commit
2016/07/29 03:30:15,SUCCESS,H4,,10176,986600,Hadoop-trunk-Commit
2016/07/29 02:10:16,SUCCESS,H8,,10175,786935,Hadoop-trunk-Commit
2016/07/29 01:50:17,SUCCESS,H2,,10174,1064991,Hadoop-trunk-Commit
2016/07/29 01:25:27,SUCCESS,H5,,10173,957141,Hadoop-trunk-Commit
2016/07/29 00:47:08,SUCCESS,H7,,10172,598702,Hadoop-trunk-Commit
2016/07/28 22:50:21,SUCCESS,H7,,10171,621062,Hadoop-trunk-Commit
2016/07/28 22:30:15,SUCCESS,H7,,10170,596448,Hadoop-trunk-Commit
2016/07/28 19:30:21,SUCCESS,H7,,10169,603844,Hadoop-trunk-Commit
2016/07/28 15:50:16,SUCCESS,H7,,10168,597031,Hadoop-trunk-Commit
2016/07/28 10:09:38,SUCCESS,H5,,10167,602734,Hadoop-trunk-Commit
2016/09/12 04:12:51,SUCCESS,ubuntu-us1,,876,4880546,kafka-trunk-jdk8
2016/09/11 10:12:51,SUCCESS,ubuntu-us1,,875,4733294,kafka-trunk-jdk8
2016/09/10 10:15:35,FAILURE,ubuntu-6,,874,7251900,kafka-trunk-jdk8
2016/09/09 23:21:52,FAILURE,ubuntu-2,,873,10818758,kafka-trunk-jdk8
2016/09/09 16:31:55,FAILURE,ubuntu-6,,872,7547123,kafka-trunk-jdk8
2016/09/09 05:20:30,FAILURE,H11,,871,5081854,kafka-trunk-jdk8
2016/09/08 20:21:28,FAILURE,jenkins-test-1be,,870,2874988,kafka-trunk-jdk8
2016/09/08 19:12:32,FAILURE,ubuntu-1,,869,4033460,kafka-trunk-jdk8
2016/09/08 03:12:34,FAILURE,H11,,868,7214168,kafka-trunk-jdk8
2016/09/08 01:12:32,FAILURE,ubuntu-us1,,867,5075146,kafka-trunk-jdk8
2016/09/07 18:12:34,FAILURE,H11,,866,4949904,kafka-trunk-jdk8
2016/09/07 08:12:32,FAILURE,ubuntu-us1,,865,4289671,kafka-trunk-jdk8
2016/09/12 00:54:27,UNSTABLE,lucene,,1389,9069442,Lucene-Solr-Tests-master
2016/09/11 02:01:11,UNSTABLE,lucene,,1388,8487758,Lucene-Solr-Tests-master
2016/09/10 02:17:39,UNSTABLE,lucene,,1387,8321670,Lucene-Solr-Tests-master
2016/09/08 14:37:27,SUCCESS,lucene,,1386,8224619,Lucene-Solr-Tests-master
2016/09/07 12:13:44,UNSTABLE,lucene,,1385,8283107,Lucene-Solr-Tests-master
2016/09/02 06:17:04,SUCCESS,lucene,,1384,5733510,Lucene-Solr-Tests-master
2016/09/01 17:39:13,FAILURE,lucene,,1383,5661200,Lucene-Solr-Tests-master
2016/09/01 04:07:18,FAILURE,lucene,,1382,5282479,Lucene-Solr-Tests-master
2016/08/31 04:10:08,SUCCESS,lucene,,1381,6355268,Lucene-Solr-Tests-master
2016/08/30 03:31:08,SUCCESS,lucene,,1380,5582998,Lucene-Solr-Tests-master
2016/08/29 21:47:46,UNSTABLE,lucene,,1379,5715239,Lucene-Solr-Tests-master
2016/08/27 07:50:58,UNSTABLE,lucene,,1378,5484021,Lucene-Solr-Tests-master
2016/08/26 05:30:30,SUCCESS,lucene,,1377,5309131,Lucene-Solr-Tests-master
2016/08/25 17:23:49,UNSTABLE,lucene,,1376,5462341,Lucene-Solr-Tests-master
2016/08/25 02:05:33,SUCCESS,lucene,,1375,5511021,Lucene-Solr-Tests-master
2016/08/24 01:26:42,SUCCESS,lucene,,1374,5285031,Lucene-Solr-Tests-master
2016/08/22 10:33:47,UNSTABLE,lucene,,1373,5269567,Lucene-Solr-Tests-master
2016/08/21 15:13:36,UNSTABLE,lucene,,1372,4832854,Lucene-Solr-Tests-master
2016/08/21 03:06:27,UNSTABLE,lucene,,1371,5577899,Lucene-Solr-Tests-master
2016/08/20 10:36:48,SUCCESS,lucene,,1370,4567256,Lucene-Solr-Tests-master
2016/08/20 02:41:23,UNSTABLE,lucene,,1369,5073174,Lucene-Solr-Tests-master
2016/08/20 00:09:13,FAILURE,lucene,,1368,4290369,Lucene-Solr-Tests-master
2016/08/19 21:04:15,UNSTABLE,lucene,,1367,5586351,Lucene-Solr-Tests-master
2016/08/19 17:08:14,UNSTABLE,lucene,,1366,5577607,Lucene-Solr-Tests-master
2016/08/19 14:24:05,SUCCESS,lucene,,1365,5040912,Lucene-Solr-Tests-master
2016/08/19 12:09:29,FAILURE,lucene,,1364,0,Lucene-Solr-Tests-master
2016/08/18 23:21:45,SUCCESS,lucene,,1363,5245216,Lucene-Solr-Tests-master
2016/08/18 17:37:27,SUCCESS,lucene,,1362,5882952,Lucene-Solr-Tests-master
2016/08/18 08:32:07,FAILURE,lucene,,1361,1706183,Lucene-Solr-Tests-master
2016/08/17 06:24:18,SUCCESS,lucene,,1360,5617666,Lucene-Solr-Tests-master
2016/08/16 11:25:57,SUCCESS,lucene,,1359,4991752,Lucene-Solr-Tests-master
2016/08/15 22:28:21,FAILURE,lucene,,1358,5443530,Lucene-Solr-Tests-master
2016/08/15 16:48:04,SUCCESS,lucene,,1357,4580623,Lucene-Solr-Tests-master
2016/08/15 13:17:10,SUCCESS,lucene,,1356,4672056,Lucene-Solr-Tests-master
2016/08/12 18:16:06,FAILURE,lucene,,1355,17932,Lucene-Solr-Tests-master
2016/08/12 17:17:06,FAILURE,lucene,,1354,18823,Lucene-Solr-Tests-master
2016/08/12 16:17:06,FAILURE,lucene,,1353,21460,Lucene-Solr-Tests-master
2016/08/12 15:17:13,FAILURE,lucene,,1352,18456,Lucene-Solr-Tests-master
2016/08/12 14:16:05,FAILURE,lucene,,1351,19463,Lucene-Solr-Tests-master
2016/08/12 13:16:06,FAILURE,lucene,,1350,17859,Lucene-Solr-Tests-master
2016/08/12 12:16:06,FAILURE,lucene,,1349,18542,Lucene-Solr-Tests-master
2016/08/12 11:16:04,FAILURE,lucene,,1348,19526,Lucene-Solr-Tests-master
2016/08/12 10:17:06,FAILURE,lucene,,1347,57017,Lucene-Solr-Tests-master
2016/08/12 09:17:03,FAILURE,lucene,,1346,27971,Lucene-Solr-Tests-master
2016/08/12 08:17:04,FAILURE,lucene,,1345,18549,Lucene-Solr-Tests-master
2016/08/12 07:17:06,FAILURE,lucene,,1344,18634,Lucene-Solr-Tests-master
2016/08/12 06:17:04,FAILURE,lucene,,1343,22255,Lucene-Solr-Tests-master
2016/08/12 05:15:00,FAILURE,lucene,,1342,14656,Lucene-Solr-Tests-master
2016/08/12 04:17:04,FAILURE,lucene,,1341,24508,Lucene-Solr-Tests-master
2016/08/11 10:23:49,SUCCESS,lucene,,1340,0,Lucene-Solr-Tests-master
2016/08/11 02:53:52,SUCCESS,lucene,,1339,4579930,Lucene-Solr-Tests-master
2016/08/10 22:16:00,UNSTABLE,lucene,,1338,4974202,Lucene-Solr-Tests-master
2016/08/10 08:43:13,SUCCESS,lucene,,1337,4397417,Lucene-Solr-Tests-master
2016/08/09 16:00:49,SUCCESS,lucene,,1336,4408303,Lucene-Solr-Tests-master
2016/08/09 02:45:32,UNSTABLE,lucene,,1335,4498352,Lucene-Solr-Tests-master
2016/08/09 00:22:13,UNSTABLE,lucene,,1334,4415020,Lucene-Solr-Tests-master
2016/08/08 21:55:24,UNSTABLE,lucene,,1333,3851325,Lucene-Solr-Tests-master
2016/08/08 18:20:19,UNSTABLE,lucene,,1332,3517154,Lucene-Solr-Tests-master
2016/08/08 08:41:15,SUCCESS,lucene,,1331,4196479,Lucene-Solr-Tests-master
2016/08/08 02:29:14,UNSTABLE,lucene,,1330,3953656,Lucene-Solr-Tests-master
2016/08/08 00:08:57,UNSTABLE,lucene,,1329,4078238,Lucene-Solr-Tests-master
2016/08/07 21:33:54,SUCCESS,lucene,,1328,4302789,Lucene-Solr-Tests-master
2016/08/07 17:37:28,SUCCESS,lucene,,1327,3891148,Lucene-Solr-Tests-master
2016/08/07 09:19:46,SUCCESS,lucene,,1326,4286139,Lucene-Solr-Tests-master
2016/08/07 02:45:58,SUCCESS,lucene,,1325,3925227,Lucene-Solr-Tests-master
2016/08/07 00:23:22,UNSTABLE,lucene,,1324,3969898,Lucene-Solr-Tests-master
2016/08/06 21:49:23,UNSTABLE,lucene,,1323,3868941,Lucene-Solr-Tests-master
2016/08/06 19:09:10,UNSTABLE,lucene,,1322,4330440,Lucene-Solr-Tests-master
2016/08/06 15:35:46,SUCCESS,lucene,,1321,3897811,Lucene-Solr-Tests-master
2016/08/06 08:21:52,FAILURE,lucene,,1320,3780232,Lucene-Solr-Tests-master
2016/08/06 01:47:42,FAILURE,lucene,,1319,3579154,Lucene-Solr-Tests-master
2016/08/05 22:26:21,UNSTABLE,lucene,,1318,3092473,Lucene-Solr-Tests-master
2016/08/05 09:15:32,SUCCESS,lucene,,1317,4268216,Lucene-Solr-Tests-master
2016/08/05 00:34:11,UNSTABLE,lucene,,1316,4381733,Lucene-Solr-Tests-master
2016/08/04 22:10:02,SUCCESS,lucene,,1315,4377511,Lucene-Solr-Tests-master
2015/09/08 20:35:27,FAILURE,lucene,,377,3579180,Lucene-Solr-Tests-master
2016/09/01 17:52:53,SUCCESS,H10,,1050,862158,Sqoop2
2016/08/30 17:56:47,SUCCESS,ubuntu-4,,1049,2291541,Sqoop2
2016/07/09 01:23:18,SUCCESS,jenkins-test-fb3,,1048,1119917,Sqoop2
2016/05/27 08:59:14,SUCCESS,ubuntu-2,,1047,656416,Sqoop2
2016/05/25 04:52:36,SUCCESS,ubuntu-1,,1046,998657,Sqoop2
2016/05/25 00:53:34,SUCCESS,ubuntu3,,1045,596665,Sqoop2
2016/05/18 22:52:28,SUCCESS,H10,,1044,827045,Sqoop2
2016/05/18 21:52:27,SUCCESS,H10,,1043,724607,Sqoop2
2016/04/18 23:52:35,SUCCESS,jenkins-test-9ca,,1042,914466,Sqoop2
2016/04/14 21:00:08,SUCCESS,ubuntu-5,,1041,851594,Sqoop2
2016/09/12 01:15:17,FAILURE,H9,,3075,1177726,ZooKeeper-trunk
2016/09/11 01:15:00,SUCCESS,H9,,3074,1432936,ZooKeeper-trunk
2016/09/10 01:15:00,FAILURE,H9,,3073,1544505,ZooKeeper-trunk
2016/09/09 01:15:02,SUCCESS,H6,,3072,1265858,ZooKeeper-trunk
2016/09/09 00:20:11,SUCCESS,H5,,3071,1461387,ZooKeeper-trunk
2016/09/08 23:15:09,FAILURE,H7,,3070,741584,ZooKeeper-trunk
2016/09/08 17:15:11,FAILURE,H9,,3069,1164370,ZooKeeper-trunk
2016/09/08 06:15:11,SUCCESS,H3,,3068,1285970,ZooKeeper-trunk
2016/09/08 05:15:10,SUCCESS,H6,,3067,1339223,ZooKeeper-trunk
2016/09/08 01:15:03,SUCCESS,H3,,3066,1287082,ZooKeeper-trunk
2016/09/08 00:15:11,SUCCESS,H9,,3065,1431525,ZooKeeper-trunk
2016/09/07 01:15:22,FAILURE,H9,,3064,0,ZooKeeper-trunk
2016/09/06 01:15:21,FAILURE,H9,,3063,1264659,ZooKeeper-trunk
2016/09/05 01:15:24,FAILURE,H9,,3062,1338501,ZooKeeper-trunk
2016/09/04 01:15:23,FAILURE,H9,,3061,1131873,ZooKeeper-trunk
2016/09/03 01:15:20,SUCCESS,H9,,3060,4498859,ZooKeeper-trunk
2016/09/02 01:15:17,SUCCESS,H5,,3059,1796973,ZooKeeper-trunk
2016/09/01 01:15:18,FAILURE,H9,,3058,1320906,ZooKeeper-trunk
2016/08/31 01:15:25,SUCCESS,H9,,3057,1528656,ZooKeeper-trunk
2016/08/30 01:20:39,SUCCESS,H7,,3056,1334662,ZooKeeper-trunk
2016/08/29 01:15:17,SUCCESS,H9,,3055,1541815,ZooKeeper-trunk
2016/08/28 01:15:09,SUCCESS,H9,,3054,1389439,ZooKeeper-trunk
2016/08/27 01:15:08,SUCCESS,H7,,3053,1214798,ZooKeeper-trunk
2016/08/26 01:15:08,SUCCESS,H7,,3052,1252963,ZooKeeper-trunk
2016/08/25 03:15:16,FAILURE,H7,,3051,714236,ZooKeeper-trunk
2016/08/25 01:15:08,SUCCESS,H7,,3050,1308115,ZooKeeper-trunk
2016/08/24 21:15:19,FAILURE,H7,,3049,720663,ZooKeeper-trunk
2016/08/24 02:15:19,SUCCESS,H7,,3048,1348199,ZooKeeper-trunk
2016/08/24 01:15:20,FAILURE,H6,,3047,1408508,ZooKeeper-trunk
2016/08/24 01:15:10,SUCCESS,H7,,3046,1414268,ZooKeeper-trunk
2016/08/23 01:15:11,FAILURE,H9,,3045,1044691,ZooKeeper-trunk
2016/08/22 01:15:22,SUCCESS,H9,,3044,1551643,ZooKeeper-trunk
2016/08/21 01:15:00,SUCCESS,H9,,3043,1539562,ZooKeeper-trunk
2016/08/20 01:15:00,FAILURE,H9,,3042,964061,ZooKeeper-trunk
2016/08/19 01:15:13,FAILURE,H9,,3041,1161454,ZooKeeper-trunk
2016/08/18 01:15:10,SUCCESS,H5,,3040,2065205,ZooKeeper-trunk
2016/08/17 01:15:09,FAILURE,H7,,3039,710491,ZooKeeper-trunk
2016/08/16 01:15:13,FAILURE,H7,,3038,1050344,ZooKeeper-trunk
2016/08/15 01:15:09,SUCCESS,H9,,3037,1430119,ZooKeeper-trunk
2016/08/14 01:15:00,FAILURE,H3,,3036,1060212,ZooKeeper-trunk
2016/08/13 15:15:08,SUCCESS,H9,,3035,1436740,ZooKeeper-trunk
2016/08/13 01:15:00,SUCCESS,H7,,3034,1295965,ZooKeeper-trunk
2016/08/12 01:15:26,SUCCESS,H7,,3033,1346652,ZooKeeper-trunk
2016/08/11 01:29:10,SUCCESS,H5,,3032,1460970,ZooKeeper-trunk
2016/08/10 23:15:36,SUCCESS,H7,,3031,1283491,ZooKeeper-trunk
2016/08/10 20:15:35,SUCCESS,H7,,3030,1277995,ZooKeeper-trunk
2016/08/10 01:15:26,SUCCESS,H7,,3029,1280975,ZooKeeper-trunk
2016/08/09 01:37:36,SUCCESS,H7,,3028,1289783,ZooKeeper-trunk
2016/08/08 01:15:27,SUCCESS,H9,,3027,1366383,ZooKeeper-trunk
2016/08/07 01:15:17,FAILURE,H9,,3026,852912,ZooKeeper-trunk
2016/08/06 01:15:21,SUCCESS,H9,,3025,1445555,ZooKeeper-trunk
2016/08/05 23:15:26,SUCCESS,H7,,3024,1261092,ZooKeeper-trunk
2016/08/05 12:18:35,SUCCESS,H9,,3023,1449873,ZooKeeper-trunk
2016/08/05 01:15:17,SUCCESS,H7,,3022,1278527,ZooKeeper-trunk
2016/08/04 01:27:13,FAILURE,H6,,3021,7221166,ZooKeeper-trunk
2016/08/03 21:24:22,SUCCESS,H6,,3020,1248689,ZooKeeper-trunk
2016/08/03 01:15:17,SUCCESS,H9,,3019,1470615,ZooKeeper-trunk
2016/08/02 01:20:26,SUCCESS,H5,,3018,1434732,ZooKeeper-trunk
2016/08/01 01:15:17,SUCCESS,H9,,3017,1341641,ZooKeeper-trunk
2016/07/31 01:15:09,SUCCESS,H9,,3016,1412523,ZooKeeper-trunk
2016/07/30 01:15:21,SUCCESS,H7,,3015,1383457,ZooKeeper-trunk
2016/07/30 01:15:09,SUCCESS,H9,,3014,1392724,ZooKeeper-trunk
2016/07/30 00:15:21,FAILURE,H9,,3013,1177079,ZooKeeper-trunk
